Question,Answer,,,
What services does HnH Tech Solutions offer?,HnH Tech Solutions offers services in designing and engineering software using mobile, web, and cloud technologies.,
What industries does HnH Tech Solutions cater to?,HnH Tech Solutions caters to industries such as healthcare, finance, e-commerce, and more.
How does HnH Tech Solutions approach software design?,HnH Tech Solutions approaches software design with a focus on user experience, scalability, and security.,
What makes HnH Tech Solutions stand out from competitors?,HnH Tech Solutions stands out due to its innovative solutions and customer-centric approach.,,,
Can HnH Tech Solutions develop cross-platform mobile apps?,Yes, HnH Tech Solutions can develop cross-platform mobile apps using technologies like React Native.,,
Does HnH Tech Solutions provide maintenance services for software applications?,Yes, HnH Tech Solutions provides maintenance services to ensure the smooth operation of software applications.,,
What programming languages does HnH Tech Solutions specialize in?,HnH Tech Solutions specializes in programming languages such as JavaScript, Python, Java, and more.
Can HnH Tech Solutions help with cloud migration?,Yes, HnH Tech Solutions can help with cloud migration to platforms like AWS, Azure, and Google Cloud.
How does HnH Tech Solutions ensure the security of software applications?,HnH Tech Solutions ensures security through practices such as code reviews, penetration testing, and regular updates.,
Does HnH Tech Solutions offer consulting services for software development?,Yes, HnH Tech Solutions offers consulting services to help businesses with their software development needs.,,
What is the typical timeline for developing a custom web application with HnH Tech Solutions?,The timeline for developing a custom web application with HnH Tech Solutions varies based on the project requirements and complexity.,,,
How does HnH Tech Solutions approach project management?,HnH Tech Solutions follows agile project management methodologies to ensure transparency and flexibility.,,,
Can HnH Tech Solutions integrate third-party APIs into software applications?,Yes, HnH Tech Solutions can integrate third-party APIs to enhance the functionality of software applications.,,
Does HnH Tech Solutions provide training for using software applications?,Yes, HnH Tech Solutions provides training to help users effectively utilize software applications.,,
How does HnH Tech Solutions ensure the scalability of software applications?,HnH Tech Solutions ensures scalability through the use of scalable architectures and technologies.,,,
What technologies does HnH Tech Solutions use for mobile app development?,HnH Tech Solutions uses technologies like Swift, Kotlin, and Flutter for mobile app development.,
Can HnH Tech Solutions develop AI-powered applications?,Yes, HnH Tech Solutions can develop AI-powered applications using machine learning and deep learning technologies.,,
What is HnH Tech Solutions' approach to user interface design?,HnH Tech Solutions focuses on creating intuitive and user-friendly interfaces for software applications.,,,
How does HnH Tech Solutions stay updated with the latest technologies?,HnH Tech Solutions stays updated through continuous learning, attending conferences, and industry research.,
Can HnH Tech Solutions help with digital transformation initiatives?,Yes, HnH Tech Solutions can help businesses with digital transformation initiatives through innovative solutions.,,
What is the process for onboarding new clients at HnH Tech Solutions?,The process for onboarding new clients at HnH Tech Solutions involves understanding their requirements and defining project milestones.,,,
Does HnH Tech Solutions offer support after the launch of a software application?,Yes, HnH Tech Solutions offers support and maintenance services post-launch to ensure the continued success of the application.,,
How does HnH Tech Solutions ensure the quality of software applications?,HnH Tech Solutions ensures quality through rigorous testing and code reviews.,,,
Can HnH Tech Solutions help with legacy system modernization?,Yes, HnH Tech Solutions can help modernize legacy systems to improve efficiency and performance.,,
What is HnH Tech Solutions' approach to data security?,HnH Tech Solutions follows best practices for data security, including encryption and access controls.,,
Does HnH Tech Solutions offer prototype development services?,Yes, HnH Tech Solutions offers prototype development services to validate ideas and concepts.,,
How does HnH Tech Solutions approach collaboration with clients?,HnH Tech Solutions collaborates closely with clients to ensure their vision is realized in the final product.,,,
Can HnH Tech Solutions develop software for IoT devices?,Yes, HnH Tech Solutions can develop software for IoT devices to enable connectivity and smart functionality.,,
What are the key factors HnH Tech Solutions considers when designing a software architecture?,Key factors considered by HnH Tech Solutions include scalability, performance, and future expansion.,
Does HnH Tech Solutions provide performance optimization services for software applications?,Yes, HnH Tech Solutions provides performance optimization services to enhance the speed and efficiency of applications.,,
How does HnH Tech Solutions ensure compliance with regulations such as GDPR?,HnH Tech Solutions ensures compliance through adherence to regulations and implementation of data protection measures.,,,
Can HnH Tech Solutions develop custom CRM systems?,Yes, HnH Tech Solutions can develop custom CRM systems tailored to specific business needs.,,
What is HnH Tech Solutions' approach to data analytics?,HnH Tech Solutions uses advanced data mining techniques to extract valuable insights from data.,,,
Does HnH Tech Solutions offer cloud infrastructure management services?,Yes, HnH Tech Solutions offers cloud infrastructure management services to ensure optimal performance and security.,,
How does HnH Tech Solutions approach software testing?,HnH Tech Solutions follows a comprehensive testing process to identify and resolve issues early in the development cycle.,,,
Can HnH Tech Solutions help with website optimization for search engines?,Yes, HnH Tech Solutions can help optimize websites for search engines to improve visibility and traffic.,,
What is HnH Tech Solutions' policy on intellectual property rights for software developed?,HnH Tech Solutions respects intellectual property rights and ensures that clients retain ownership of the software developed.,,,
How does HnH Tech Solutions ensure the reliability of software applications?,HnH Tech Solutions ensures reliability through thorough testing and quality assurance practices.,,,
Can HnH Tech Solutions develop custom e-commerce platforms?,Yes, HnH Tech Solutions can develop custom e-commerce platforms with features tailored to specific business needs.,,
What is HnH Tech Solutions' approach to software documentation?,HnH Tech Solutions provides comprehensive documentation to aid in the understanding and maintenance of software applications.,,,
Does HnH Tech Solutions offer training for using software developed by them?,Yes, HnH Tech Solutions offers training to help users effectively utilize the software developed.,,
How does HnH Tech Solutions handle feedback and feature requests from clients?,HnH Tech Solutions values client feedback and considers it in future updates and enhancements.,,,
Can HnH Tech Solutions help with data migration to new systems?,Yes, HnH Tech Solutions can help migrate data to new systems with minimal disruption.,,
What is HnH Tech Solutions' approach to user feedback and usability testing?,HnH Tech Solutions conducts usability testing and gathers user feedback to refine and improve software applications.,,,
Does HnH Tech Solutions offer mobile app maintenance services post-launch?,Yes, HnH Tech Solutions offers mobile app maintenance services to ensure they remain up-to-date and functional.,,
How does HnH Tech Solutions approach project cost estimation?,HnH Tech Solutions provides detailed project cost estimates based on the scope and requirements of the project.,,,
Can HnH Tech Solutions help with digital marketing for software applications?,Yes, HnH Tech Solutions can help with digital marketing strategies to promote software applications.,,
What is HnH Tech Solutions' approach to continuous improvement of software applications?,HnH Tech Solutions continuously improves software applications based on user feedback and technological advancements.,,,
